{"domain": "blss", "x": [1817.2034807431178, 19.762616539367674, 0.4194154454984619], "P": [[1089.047241874528, -0.0727410161906128, -0.5768501177892962], [-0.07274101619061277, 0.006441040272912432, 0.0005720676390251881], [-0.5768501177892961, 0.0005720676390251881, 0.004968511928641368]], "cycles": 80}